Gulian, A, StephenB, MomoB, MichaelC, RyanD, TierneyD, HenryG, SophieL, OliviaM, ZoeN, AliviaS, EvanS, AldenS, JackW
Gulian, C, OraA, DanaC, AudreyE, AsaG, BlakeH, MadelineH, LydiaH, KateyM, SamP
Gulian, F, WilburA, ZayneA, MayaA, SarahB, EveC, LoganC, LolaD, RileyE, AndrewF, KellyG, AndrewG, IssyH, CalebM, SamM, TravonO, CalebP, LizP, SavannahS, RileyS, OwenS, LeaS, AnnaW, MackenzieY, CharlesG
Gulian, G, EllaB, OrionB, RileyC, TaylorC, AvaD, DannyD, RyanD, CalefH, ParkerK, JaneL, JohnS, MollyS, FayeS
Gulian, H, KaiMA, BenB, RileyC, AbbeyD, AidanMD, CharlesMG, EthanM, ClarissaP, JosephR, LilyS, LilyWM, SamiY, SarahH
Poublon, B, TylerB, DylanB, BridgitB, SamB, NatalieC, WesleyC, OrionC, JoshuaD, ColbyH, CalefH, ChanceJ, MicahL, AidanM, ZoeM, JosephR, SavannahS, SarahS, AnnaS, CassandraS, CerrridwynnW
Poublon, C, HeidiA, HannahB, TaylorB, HaileyC, JacksonC, WesleyC, JuneD, NoraD, KatrinaF, MaxH, MackenzieH, KellanJ, RobertM, EmmetM,BrightonMT, LaraT, MeganT, KaitlynW, CoreyW, AdeleineW
Poublon, D, MateoB, BritneyB, HunterC, EthanD, WilliamD, NicoleF, KipG, SadieG, LiamH, LillyK, EvanK, AlexanderM, JacksonMT, AbigailM, BronwynM, HannahO, EndineP, RyanR, LoganS, TaylorS, DanielleS, EmmaT, KendallT, AnaeT, YehevaW, AriaY
Poublon, F, NoahA, JulianaB, StephenB, AllisonB, ChaseC, OwenC, AsaG, CarlG, HenryG, BlakeH, LillyH, EricaK, KayleeL, GageL, ClayL, LouisM, HarrisonM, ZoeN, MarjorieP, TaylorP, SamP, RileyQ, MagnoliaR, MadisenR, ErykR, 𝑬𝒗𝒂𝒏𝑺, NatalieS, HaleyS, DavisT, AlexaT, JackW, AaronW, ZanipoloL
Poublon, G, ClaudiaD, HayleyD, WilliamD, AlexanderG, GavinH, KellyJ, AliciaM, ManuelP, HannahR, MariaS, JoeS, SeamusS, EliasS, AmandaVA, EtelynW, EmmaW, SophiaY, DevinZ
Poublon, H, BittyA, JedA, GabeB, NickB, TristinB, LukeB, DanaC, EmilyD, MaximilianWilliamD, ErikD, AudreyE, KyleGW, LydiaH, SofiaK, OliviaM, HayleyM, SeanN, AldenS, AliceS, NatalieS, NoraZ
Bremel, D, HaleighC, CharlesM, LouisM, TaylorP, AliceS, AnnaW, OwenS, MargaretO, EthanM, RyanD, MichaelC, ZayneA, CalebM, MagnoliaR, HugoM, OwenC, HeatherB
Bremel, E, AdareO, AnthoneyH, EllaB, PaigeS, LizzyP, JaneL, HawleyB, NatalieS, FieldW, AbigailM, AbbeyD, IssyH, ClarissaP, ReiM, KayleeL, DylanG
Vonada, A, HaileyB, LillyB, OrionC, LoganC, TaylorC, DanielD, CharlieH, MasonH, HudsonM, MaxxP, FinnP, LauraS, SavannahS, AvariS, LiliannaS, LoganS, CassandraS, BenjaminW
Vonada, C, EricB, LiamB, LilyB, QuinnG, NathanialG, KailynG, SkylarH, CooperJ, MeridianJP, NicholasL, HannahL, EliM, SophieN, AnyaC, KeatonP, OwenQ, MeredithR, RyanR, GraceS, GraceW, ZoeW, KeiraZ
Vonada, D, NickB, TristinB, PeterB, DanaC, MaximillianD, AddieG, WilliamH, GabeM, HarrisonM, ErykR, KatherineS, JackW, SamanthaY, MinP
Vonada, E, Thomas, Heather, Lily, Tobin, Michael, Haleigh, Novah, Daniel, Micah, Molly, Abigail, Hugo, Macey, Laura, Cassandra, Paige, Ali, Field, Hawley
Vonada, F, HaileyB, CeliaB, HunterC, ElizaD, AlexanderI, BrinleyJ, MeganL, LilliaM, JacobM, IzabellaM, MadisonN, LauraS, AvariS, LiliannaS, EleanoreS, OonaT, MadelynT, LillieT, LauraW
Vonada, H, Nina, Cooper, ColbyE, Matthew, Ian, Broc, Skylar, Max, ColbyH, Evan, Carolyn, Nixon, Rei, Genevieve, Wyatt, Otto, Hannah, Alex, Nate, Ali, Emma, CharlesG
DeCuollo, A, HeidiA, LilyB, HaileyC, EmilyD, CooperD, NoraD, IanG, ArianaG, MackenzieH, KellanJ, JaneL, NicholasL, NixonM, JacksonM, BronwynM, MorganM, SophieN, AlixxP, KeatonP, SeamusS, EmmaT, AmandaV, ZoeW, SophiaY, KeiraZ
DeCuollo, E, WyattB, NinaB, LiamB, ChaseC, HayleyD, JuneD, ColbyE, KatrinaF, BrocH, KellyJ, EvanJ, CooperJ, LillyK, EvanK, CarolynL, OttoN, AdrianaP, MeredithR, RyanRog, RyanRun, JoeS, LaraT, KendallT, GordonTS, KaitlynW, CoreyW, AriaY
DeCuollo, F, MemphisB, EricB, BritneyB, JacksonC, ClaudiaD, MatthewE, KipG, QuinnG, SkylarH, ColbyH, RyanL, HannahL, BrightonMT, AbigalM, AliciaM, ReeseP, EndineP, HannahR, GraceS, TaylorS, DanielleS, AnaeT, GraceW, AdeleineW
